,Time,Performance,Bandwith,Result,Num_Cores
0,4.271786,9363765184.010502,37455060754.76953,2.3999999981999085e+26,1
1,3.782409,10575270257.360481,42301081050.59246,2.399999998200002e+26,8
2,2.020125,19800758354.004395,79203033455.6191,2.3999999982000737e+26,16
3,1.056525,37859975668.43804,151439902749.47214,2.399999998200012e+26,32
4,0.571079,70042879866.1233,280171519604.579,2.399999998200007e+26,64
5,0.470142,85080680111.22389,340322720615.0569,2.3999999982000054e+26,96
6,0.360107,111077975330.3656,444311901543.61835,2.399999998200002e+26,192
