,Time,Performance,Bandwith,Result,Num_Cores
0,4.38555,4560430944.80197,36483447576.657486,2.3999999981999085e+26,1
1,3.850799,5193727647.271152,41549821198.94413,2.399999998200002e+26,8
2,2.020295,9899542388.6474,79196339148.77736,2.3999999982000737e+26,16
3,1.063804,18800449219.034225,150403593827.47562,2.3999999982000112e+26,32
4,0.562513,35554725311.67538,284437802635.62195,2.3999999982000074e+26,64
5,0.471052,42458118361.70822,339664947063.4982,2.3999999982000064e+26,96
6,0.259495,77072767668.63507,616582141657.3716,2.3999999982000023e+26,192
